[{"model": "cms.treenode", "pk": 1, "fields": {"path": "0001", "depth": 1, "numchild": 0, "parent": null, "site": 1}}, {"model": "cms.treenode", "pk": 4, "fields": {"path": "0003", "depth": 1, "numchild": 0, "parent": null, "site": 1}}, {"model": "cms.treenode", "pk": 5, "fields": {"path": "0004", "depth": 1, "numchild": 0, "parent": null, "site": 1}}, {"model": "cms.treenode", "pk": 6, "fields": {"path": "0005", "depth": 1, "numchild": 0, "parent": null, "site": 1}}, {"model": "cms.treenode", "pk": 7, "fields": {"path": "0006", "depth": 1, "numchild": 0, "parent": null, "site": 1}}, {"model": "cms.page", "pk": 1, "fields": {"created_by": "jef@split-side.com", "changed_by": "jef@split-side.com", "creation_date": "2022-11-09T18:43:45.472Z", "changed_date": "2022-11-09T19:55:43.832Z", "publication_date": "2022-11-09T18:43:45.557Z", "publication_end_date": null, "in_navigation": true, "soft_root": false, "reverse_id": null, "navigation_extenders": null, "template": "base.html", "login_required": false, "limit_visibility_in_menu": null, "is_home": true, "application_urls": null, "application_namespace": null, "publisher_is_draft": true, "publisher_public": 2, "languages": "en-us", "xframe_options": 0, "is_page_type": false, "node": 1, "placeholders": [2]}}, {"model": "cms.page", "pk": 2, "fields": {"created_by": "jef@split-side.com", "changed_by": "jef@split-side.com", "creation_date": "2022-11-09T18:43:45.557Z", "changed_date": "2022-11-09T18:43:45.589Z", "publication_date": "2022-11-09T18:43:45.557Z", "publication_end_date": null, "in_navigation": true, "soft_root": false, "reverse_id": null, "navigation_extenders": null, "template": "INHERIT", "login_required": false, "limit_visibility_in_menu": null, "is_home": true, "application_urls": null, "application_namespace": null, "publisher_is_draft": false, "publisher_public": 1, "languages": "en-us", "xframe_options": 0, "is_page_type": false, "node": 1, "placeholders": [3]}}, {"model": "cms.page", "pk": 5, "fields": {"created_by": "jef@split-side.com", "changed_by": "jef@split-side.com", "creation_date": "2022-11-09T18:59:26.153Z", "changed_date": "2022-11-09T19:56:07.326Z", "publication_date": "2022-11-09T19:11:49.858Z", "publication_end_date": null, "in_navigation": true, "soft_root": false, "reverse_id": null, "navigation_extenders": null, "template": "base.html", "login_required": false, "limit_visibility_in_menu": null, "is_home": false, "application_urls": "", "application_namespace": null, "publisher_is_draft": true, "publisher_public": 6, "languages": "en-us", "xframe_options": 0, "is_page_type": false, "node": 4, "placeholders": [6]}}, {"model": "cms.page", "pk": 6, "fields": {"created_by": "jef@split-side.com", "changed_by": "jef@split-side.com", "creation_date": "2022-11-09T19:11:49.858Z", "changed_date": "2022-11-09T19:58:06.126Z", "publication_date": "2022-11-09T19:11:49.858Z", "publication_end_date": null, "in_navigation": true, "soft_root": false, "reverse_id": null, "navigation_extenders": null, "template": "base.html", "login_required": false, "limit_visibility_in_menu": null, "is_home": false, "application_urls": "", "application_namespace": null, "publisher_is_draft": false, "publisher_public": 5, "languages": "en-us", "xframe_options": 0, "is_page_type": false, "node": 4, "placeholders": [7]}}, {"model": "cms.page", "pk": 7, "fields": {"created_by": "jef@split-side.com", "changed_by": "jef@split-side.com", "creation_date": "2022-11-09T20:14:19.042Z", "changed_date": "2022-11-09T20:14:19.042Z", "publication_date": "2022-11-09T20:14:24.228Z", "publication_end_date": null, "in_navigation": true, "soft_root": false, "reverse_id": null, "navigation_extenders": null, "template": "INHERIT", "login_required": false, "limit_visibility_in_menu": null, "is_home": false, "application_urls": null, "application_namespace": null, "publisher_is_draft": true, "publisher_public": 8, "languages": "en-us", "xframe_options": 0, "is_page_type": false, "node": 5, "placeholders": [8]}}, {"model": "cms.page", "pk": 8, "fields": {"created_by": "jef@split-side.com", "changed_by": "jef@split-side.com", "creation_date": "2022-11-09T20:14:24.229Z", "changed_date": "2022-11-10T04:30:52.361Z", "publication_date": "2022-11-09T20:14:24.228Z", "publication_end_date": null, "in_navigation": true, "soft_root": false, "reverse_id": null, "navigation_extenders": null, "template": "INHERIT", "login_required": false, "limit_visibility_in_menu": null, "is_home": false, "application_urls": null, "application_namespace": null, "publisher_is_draft": false, "publisher_public": 7, "languages": "en-us", "xframe_options": 0, "is_page_type": false, "node": 5, "placeholders": [9]}}, {"model": "cms.page", "pk": 9, "fields": {"created_by": "jef@split-side.com", "changed_by": "jef@split-side.com", "creation_date": "2022-11-10T03:52:17.339Z", "changed_date": "2022-11-10T03:54:02.159Z", "publication_date": "2022-11-10T03:54:06.331Z", "publication_end_date": null, "in_navigation": true, "soft_root": false, "reverse_id": null, "navigation_extenders": null, "template": "base.html", "login_required": false, "limit_visibility_in_menu": null, "is_home": false, "application_urls": null, "application_namespace": null, "publisher_is_draft": true, "publisher_public": 10, "languages": "en-us", "xframe_options": 0, "is_page_type": false, "node": 6, "placeholders": [10]}}, {"model": "cms.page", "pk": 10, "fields": {"created_by": "jef@split-side.com", "changed_by": "jef@split-side.com", "creation_date": "2022-11-10T03:54:06.331Z", "changed_date": "2022-11-10T03:54:06.331Z", "publication_date": "2022-11-10T03:54:06.331Z", "publication_end_date": null, "in_navigation": true, "soft_root": false, "reverse_id": null, "navigation_extenders": null, "template": "base.html", "login_required": false, "limit_visibility_in_menu": null, "is_home": false, "application_urls": null, "application_namespace": null, "publisher_is_draft": false, "publisher_public": 9, "languages": "en-us", "xframe_options": 0, "is_page_type": false, "node": 6, "placeholders": [11]}}, {"model": "cms.page", "pk": 11, "fields": {"created_by": "jef@split-side.com", "changed_by": "jef@split-side.com", "creation_date": "2022-11-10T04:15:36.881Z", "changed_date": "2022-11-10T04:15:45.995Z", "publication_date": "2022-11-10T04:15:48.785Z", "publication_end_date": null, "in_navigation": true, "soft_root": false, "reverse_id": null, "navigation_extenders": null, "template": "base.html", "login_required": false, "limit_visibility_in_menu": null, "is_home": false, "application_urls": null, "application_namespace": null, "publisher_is_draft": true, "publisher_public": 12, "languages": "en-us", "xframe_options": 0, "is_page_type": false, "node": 7, "placeholders": [12]}}, {"model": "cms.page", "pk": 12, "fields": {"created_by": "jef@split-side.com", "changed_by": "jef@split-side.com", "creation_date": "2022-11-10T04:15:48.785Z", "changed_date": "2022-11-10T04:15:48.785Z", "publication_date": "2022-11-10T04:15:48.785Z", "publication_end_date": null, "in_navigation": true, "soft_root": false, "reverse_id": null, "navigation_extenders": null, "template": "base.html", "login_required": false, "limit_visibility_in_menu": null, "is_home": false, "application_urls": null, "application_namespace": null, "publisher_is_draft": false, "publisher_public": 11, "languages": "en-us", "xframe_options": 0, "is_page_type": false, "node": 7, "placeholders": [13]}}, {"model": "cms.placeholder", "pk": 1, "fields": {"slot": "clipboard", "default_width": null}}, {"model": "cms.placeholder", "pk": 2, "fields": {"slot": "content", "default_width": null}}, {"model": "cms.placeholder", "pk": 3, "fields": {"slot": "content", "default_width": null}}, {"model": "cms.placeholder", "pk": 6, "fields": {"slot": "content", "default_width": null}}, {"model": "cms.placeholder", "pk": 7, "fields": {"slot": "content", "default_width": null}}, {"model": "cms.placeholder", "pk": 8, "fields": {"slot": "content", "default_width": null}}, {"model": "cms.placeholder", "pk": 9, "fields": {"slot": "content", "default_width": null}}, {"model": "cms.placeholder", "pk": 10, "fields": {"slot": "content", "default_width": null}}, {"model": "cms.placeholder", "pk": 11, "fields": {"slot": "content", "default_width": null}}, {"model": "cms.placeholder", "pk": 12, "fields": {"slot": "content", "default_width": null}}, {"model": "cms.placeholder", "pk": 13, "fields": {"slot": "content", "default_width": null}}, {"model": "cms.cmsplugin", "pk": 1, "fields": {"path": "0001", "depth": 1, "numchild": 0, "placeholder": 2, "parent": null, "position": 0, "language": "en-us", "plugin_type": "TextPlugin", "creation_date": "2022-11-09T18:43:45.656Z", "changed_date": "2022-11-09T18:43:45.665Z"}}, {"model": "cms.cmsplugin", "pk": 3, "fields": {"path": "0003", "depth": 1, "numchild": 0, "placeholder": 6, "parent": null, "position": 0, "language": "en-us", "plugin_type": "TextPlugin", "creation_date": "2022-11-09T18:59:26.180Z", "changed_date": "2022-11-09T19:33:51.619Z"}}, {"model": "cms.cmsplugin", "pk": 6, "fields": {"path": "0004", "depth": 1, "numchild": 0, "placeholder": 7, "parent": null, "position": 0, "language": "en-us", "plugin_type": "TextPlugin", "creation_date": "2022-11-09T18:59:26.180Z", "changed_date": "2022-11-09T19:58:06.176Z"}}, {"model": "cms.cmsplugin", "pk": 7, "fields": {"path": "0005", "depth": 1, "numchild": 0, "placeholder": 8, "parent": null, "position": 0, "language": "en-us", "plugin_type": "TextPlugin", "creation_date": "2022-11-09T20:14:19.079Z", "changed_date": "2022-11-10T04:05:41.976Z"}}, {"model": "cms.cmsplugin", "pk": 9, "fields": {"path": "0007", "depth": 1, "numchild": 0, "placeholder": 10, "parent": null, "position": 0, "language": "en-us", "plugin_type": "TextPlugin", "creation_date": "2022-11-10T03:52:17.372Z", "changed_date": "2022-11-10T03:52:17.375Z"}}, {"model": "cms.cmsplugin", "pk": 10, "fields": {"path": "0008", "depth": 1, "numchild": 0, "placeholder": 11, "parent": null, "position": 0, "language": "en-us", "plugin_type": "TextPlugin", "creation_date": "2022-11-10T03:52:17.372Z", "changed_date": "2022-11-10T03:54:06.376Z"}}, {"model": "cms.cmsplugin", "pk": 11, "fields": {"path": "0009", "depth": 1, "numchild": 0, "placeholder": 12, "parent": null, "position": 0, "language": "en-us", "plugin_type": "TextPlugin", "creation_date": "2022-11-10T04:15:36.904Z", "changed_date": "2022-11-10T04:15:36.906Z"}}, {"model": "cms.cmsplugin", "pk": 12, "fields": {"path": "000A", "depth": 1, "numchild": 0, "placeholder": 13, "parent": null, "position": 0, "language": "en-us", "plugin_type": "TextPlugin", "creation_date": "2022-11-10T04:15:36.904Z", "changed_date": "2022-11-10T04:15:48.820Z"}}, {"model": "cms.cmsplugin", "pk": 13, "fields": {"path": "000B", "depth": 1, "numchild": 0, "placeholder": 9, "parent": null, "position": 0, "language": "en-us", "plugin_type": "TextPlugin", "creation_date": "2022-11-09T20:14:19.079Z", "changed_date": "2022-11-10T04:30:52.406Z"}}, {"model": "cms.title", "pk": 1, "fields": {"language": "en-us", "title": "Home", "page_title": null, "menu_title": null, "meta_description": null, "slug": "home", "path": "", "has_url_overwrite": false, "redirect": null, "page": 1, "creation_date": "2022-11-09T18:43:45.496Z", "published": true, "publisher_is_draft": true, "publisher_public": 2, "publisher_state": 1}}, {"model": "cms.title", "pk": 2, "fields": {"language": "en-us", "title": "Home", "page_title": null, "menu_title": null, "meta_description": null, "slug": "home", "path": "", "has_url_overwrite": false, "redirect": null, "page": 2, "creation_date": "2022-11-09T18:43:45.496Z", "published": true, "publisher_is_draft": false, "publisher_public": 1, "publisher_state": 0}}, {"model": "cms.title", "pk": 5, "fields": {"language": "en-us", "title": "About", "page_title": "", "menu_title": "", "meta_description": "", "slug": "about", "path": "about", "has_url_overwrite": false, "redirect": null, "page": 5, "creation_date": "2022-11-09T18:59:26.155Z", "published": true, "publisher_is_draft": true, "publisher_public": 6, "publisher_state": 0}}, {"model": "cms.title", "pk": 6, "fields": {"language": "en-us", "title": "About", "page_title": "", "menu_title": "", "meta_description": "", "slug": "about", "path": "about", "has_url_overwrite": false, "redirect": null, "page": 6, "creation_date": "2022-11-09T18:59:26.155Z", "published": true, "publisher_is_draft": false, "publisher_public": 5, "publisher_state": 0}}, {"model": "cms.title", "pk": 7, "fields": {"language": "en-us", "title": "email", "page_title": null, "menu_title": null, "meta_description": null, "slug": "email", "path": "email", "has_url_overwrite": false, "redirect": null, "page": 7, "creation_date": "2022-11-09T20:14:19.046Z", "published": true, "publisher_is_draft": true, "publisher_public": 8, "publisher_state": 0}}, {"model": "cms.title", "pk": 8, "fields": {"language": "en-us", "title": "email", "page_title": null, "menu_title": null, "meta_description": null, "slug": "email", "path": "email", "has_url_overwrite": false, "redirect": null, "page": 8, "creation_date": "2022-11-09T20:14:19.046Z", "published": true, "publisher_is_draft": false, "publisher_public": 7, "publisher_state": 0}}, {"model": "cms.title", "pk": 9, "fields": {"language": "en-us", "title": "Terms", "page_title": null, "menu_title": null, "meta_description": null, "slug": "terms", "path": "terms", "has_url_overwrite": false, "redirect": null, "page": 9, "creation_date": "2022-11-10T03:52:17.341Z", "published": true, "publisher_is_draft": true, "publisher_public": 10, "publisher_state": 0}}, {"model": "cms.title", "pk": 10, "fields": {"language": "en-us", "title": "Terms", "page_title": null, "menu_title": null, "meta_description": null, "slug": "terms", "path": "terms", "has_url_overwrite": false, "redirect": null, "page": 10, "creation_date": "2022-11-10T03:52:17.341Z", "published": true, "publisher_is_draft": false, "publisher_public": 9, "publisher_state": 0}}, {"model": "cms.title", "pk": 11, "fields": {"language": "en-us", "title": "Privacy", "page_title": null, "menu_title": null, "meta_description": null, "slug": "privacy", "path": "privacy", "has_url_overwrite": false, "redirect": null, "page": 11, "creation_date": "2022-11-10T04:15:36.883Z", "published": true, "publisher_is_draft": true, "publisher_public": 12, "publisher_state": 0}}, {"model": "cms.title", "pk": 12, "fields": {"language": "en-us", "title": "Privacy", "page_title": null, "menu_title": null, "meta_description": null, "slug": "privacy", "path": "privacy", "has_url_overwrite": false, "redirect": null, "page": 12, "creation_date": "2022-11-10T04:15:36.883Z", "published": true, "publisher_is_draft": false, "publisher_public": 11, "publisher_state": 0}}, {"model": "djangocms_text_ckeditor.text", "pk": 1, "fields": {"body": "<p>Welcome to our CMS Management tool!</p>\n\n<p>We currently have content for:</p>\n\n<ul>\n\t<li>About Content</li>\n\t<li>Privacy Statement</li>\n\t<li>Terms Statement</li>\n\t<li>Email Link</li>\n</ul>"}}, {"model": "djangocms_text_ckeditor.text", "pk": 3, "fields": {"body": "Split-Side is a real-time chat platform where fans from both sides of the bleachers join events hosted by popular athletes, sports broadcasters, analysts, and personalities."}}, {"model": "djangocms_text_ckeditor.text", "pk": 6, "fields": {"body": "Split-Side is a real-time chat platform where fans from both sides of the bleachers join events hosted by popular athletes, sports broadcasters, analysts, and personalities."}}, {"model": "djangocms_text_ckeditor.text", "pk": 7, "fields": {"body": "<p><a href=\"support@split-side.com\">support@split-side.com</a></p>"}}, {"model": "djangocms_text_ckeditor.text", "pk": 9, "fields": {"body": "<p>Updated: July 22, 2022</p>\n\n<p>Agreement to Terms</p>\n\n<p>These Terms and Conditions constitute a legally binding agreement made between you, whether personally or on behalf of an entity (“you”) and Podium Interactive, LLC. , doing business as Split-Side (“Split-Side“, “we”, “us”, or “our”), concerning your access to and use of the Split-Side.com website as well as any other media form, media channel, mobile website or mobile application related, linked, or otherwise connected thereto (collectively, the “Site”). You agree that by accessing the Site, you have read, understood, and agreed to be bound by all of these Terms of Use. IF YOU DO NOT AGREE WITH ALL OF THESE TERMS OF USE, THEN YOU ARE EXPRESSLY PROHIBITED FROM USING THE SITE AND YOU MUST DISCONTINUE USE IMMEDIATELY.</p>\n\n<p>Supplemental terms and conditions or documents that may be posted on the Site from time to time are hereby expressly incorporated herein by reference. We reserve the right, in our sole discretion, to make changes or modifications to these Terms of Use at any time and for any reason. We will alert you about any changes by updating the “Last updated” date of these Terms of Use, and you waive any right to receive specific notice of each such change. It is your responsibility to periodically review these Terms of Use to stay informed of updates. You will be subject to, and will be deemed to have been made aware of and to have accepted, the changes in any revised Terms of Use by your continued use of the Site after the date such revised Terms of Use are posted.</p>\n\n<p>The information provided on the Site is not intended for distribution to or use by any person or entity in any jurisdiction or country where such distribution or use would be contrary to law or regulation or which would subject us to any registration requirement within such jurisdiction or country. Accordingly, those persons who choose to access the Site from other locations do so on their own initiative and are solely responsible for compliance with local laws, if and to the extent local laws are applicable.</p>\n\n<p>The Site is not tailored to comply with industry-specific regulations (Health Insurance Portability and Accountability Act (HIPAA), Federal Information Security Management Act (FISMA), etc.), so if your interactions would be subjected to such laws, you may not use this Site. You may not use the Site in a way that would violate the Gramm-Leach-Bliley Act (GLBA).</p>\n\n<p>The Site is intended for users who are at least eighteen (18) years of age. All users who are minors in the jurisdiction in which they reside (generally under the age of 18) must have the permission of, and be directly supervised by, their parent or guardian to use the Site. If you are a minor, you must have your parent or guardian read and agree to these Terms of Use prior to you using the Site.</p>\n\n<p>Intellectual Property Rights</p>\n\n<p>Unless otherwise indicated, the Site is our proprietary property and all source code, databases, functionality, software, website designs, audio, video, text, photographs, and graphics on the Site (collectively, the “Content”) and the trademarks, service marks, and logos contained therein (the “Marks”) are owned or controlled by us or licensed to us, and are protected by copyright and trademark laws and various other intellectual property rights and unfair competition laws of the United States, international copyright laws, and international conventions. The Content and the Marks are provided on the Site “AS IS” for your information and personal use only. Except as expressly provided in these Terms of Use, no part of the Site and no Content or Marks may be copied, reproduced, aggregated, republished, uploaded, posted, publicly displayed, encoded, translated, transmitted, distributed, sold, licensed, or otherwise exploited for any commercial purpose whatsoever, without our express prior written permission.</p>\n\n<p>Provided that you are eligible to use the Site, you are granted a limited license to access and use the Site and to download or print a copy of any portion of the Content to which you have properly gained access solely for your personal, non-commercial use. We reserve all rights not expressly granted to you in and to the Site, the Content and the Marks.User Representations</p>\n\n<p>By using the Site, you represent and warrant that: (1) all registration information you submit will be true, accurate, current, and complete; (2) you will maintain the accuracy of such information and promptly update such registration information as necessary; (3) you have the legal capacity and you agree to comply with these Terms of Use; (4) you are not under the age of 13; (5) you are not a minor in the jurisdiction in which you reside, or if a minor, you have received parental permission to use the Site; (6) you will not access the Site through automated or non-human means, whether through a bot, script, or otherwise; (7) you will not use the Site for any illegal or unauthorized purpose; and (8) your use of the Site will not violate any applicable law or regulation.</p>\n\n<p>If you provide any information that is untrue, inaccurate, not current, or incomplete, we have the right to suspend or terminate your account and refuse any and all current or future use of the Site (or any portion thereof).</p>\n\n<p>User Registration</p>\n\n<p>You may be required to register with the Site. You agree to keep your password confidential and will be responsible for all use of your account and password. We reserve the right to remove, reclaim, or change a username you select if we determine, in our sole discretion, that such username is inappropriate, obscene, or otherwise objectionable.</p>\n\n<p>Prohibited Activities</p>\n\n<p>You may not access or use the Site for any purpose other than that for which we make the Site available. The Site may not be used in connection with any commercial endeavors except those that are specifically endorsed or approved by us.</p>\n\n<p>As a user of the Site, you agree not to:</p>\n\n<p>1. Systematically retrieve data or other content from the Site to create or compile, directly or indirectly, a collection, compilation, database, or directory without written permission from us.</p>\n\n<p>2. Trick, defraud, or mislead us and other users, especially in any attempt to learn sensitive account information such as user passwords.</p>\n\n<p>3. Circumvent, disable, or otherwise interfere with security-related features of the Site, including features that prevent or restrict the use or copying of any Content or enforce limitations on the use of the Site and/or the Content contained therein.</p>\n\n<p>4. Disparage, tarnish, or otherwise harm, in our opinion, us and/or the Site.</p>\n\n<p>5. Use any information obtained from the Site in order to harass, abuse, or harm another person.</p>\n\n<p>6. Make improper use of our support services or submit false reports of abuse or misconduct.</p>\n\n<p>7. Use the Site in a manner inconsistent with any applicable laws or regulations.</p>\n\n<p>8. Engage in unauthorized framing of or linking to the Site.</p>\n\n<p>9. Upload or transmit (or attempt to upload or to transmit) viruses, Trojan horses, or other material, including excessive use of capital letters and spamming (continuous posting of repetitive text), that interferes with any party’s uninterrupted use and enjoyment of the Site or modifies, impairs, disrupts, alters, or interferes with the use, features, functions, operation, or maintenance of the Site.</p>\n\n<p>10. Engage in any automated use of the system, such as using scripts to send comments or messages, or using any data mining, robots, or similar data gathering and extraction tools.</p>\n\n<p>11. Delete the copyright or other proprietary rights notice from any Content.</p>\n\n<p>12. Attempt to impersonate another user or person or use the username of another user.</p>\n\n<p>13. Sell or otherwise transfer your profile.</p>\n\n<p>14. Upload or transmit (or attempt to upload or to transmit) any material that acts as a passive or active information collection or transmission mechanism, including without limitation, clear graphics interchange formats (“gifs”), 1×1 pixels, web bugs, cookies, or other similar devices (sometimes referred to as “spyware” or “passive collection mechanisms” or “pcms”).</p>\n\n<p>15. Interfere with, disrupt, or create an undue burden on the Site or the networks or services connected to the Site.</p>\n\n<p>16. Harass, annoy, intimidate, or threaten any of our employees or agents engaged in providing any portion of the Site to you.</p>\n\n<p>17. Attempt to bypass any measures of the Site designed to prevent or restrict access to the Site, or any portion of the Site.</p>\n\n<p>18. Copy or adapt the Site’s software, including but not limited to Flash, PHP, HTML, JavaScript, or other code.</p>\n\n<p>19. Decipher, decompile, disassemble, or reverse engineer any of the software comprising or in any way making up a part of the Site.</p>\n\n<p>20. Except as may be the result of standard search engine or Internet browser usage, use, launch, develop, or distribute any automated system, including without limitation, any spider, robot, cheat utility, scraper, or offline reader that accesses the Site, or using or launching any unauthorized script or other software.</p>\n\n<p>21. Use a buying agent or purchasing agent to make purchases on the Site.</p>\n\n<p>22. Make any unauthorized use of the Site, including collecting usernames and/or email addresses of users by electronic or other means for the purpose of sending unsolicited email, or creating user accounts by automated means or under false pretenses.</p>\n\n<p>23. Use the Site as part of any effort to compete with us or otherwise use the Site and/or the Content for any revenue-generating endeavor or commercial enterprise.</p>\n\n<p>User-Generated Contributions</p>\n\n<p>The Site does not offer users to submit or post content. We may provide you with the opportunity to create, submit, post, display, transmit, perform, publish, distribute, or broadcast content and materials to us or on the Site, including but not limited to text, writings, video, audio, photographs, graphics, comments, suggestions, or personal information or other material (collectively, “Contributions“). Contributions may be viewable by other users of the Site and through third-party websites. As such, any Contributions you transmit may be treated in accordance with the Site Privacy Policy. When you create or make available any Contributions, you thereby represent and warrant that:</p>\n\n<p>1. The creation, distribution, transmission, public display, or performance, and the accessing, downloading, or copying of your Contributions do not and will not infringe the proprietary rights, including but not limited to the copyright, patent, trademark, trade secret, or moral rights of any third party.</p>\n\n<p>2. You are the creator and owner of or have the necessary licenses, rights, consents, releases, and permissions to use and to authorize us, the Site, and other users of the Site to use your Contributions in any manner contemplated by the Site and these Terms of Use.</p>\n\n<p>3. You have the written consent, release, and/or permission of each and every identifiable individual person in your Contributions to use the name or likeness of each and every such identifiable individual person to enable inclusion and use of your Contributions in any manner contemplated by the Site and these Terms of Use.</p>\n\n<p>4. Your Contributions are not false, inaccurate, or misleading.</p>\n\n<p>5. Your Contributions are not unsolicited or unauthorized advertising, promotional materials, pyramid schemes, chain letters, spam, mass mailings, or other forms of solicitation.</p>\n\n<p>6. Your Contributions are not obscene, lewd, lascivious, filthy, violent, harassing, libelous, slanderous, or otherwise objectionable (as determined by us).</p>\n\n<p>7. Your Contributions do not ridicule, mock, disparage, intimidate, or abuse anyone.</p>\n\n<p>8. Your Contributions do not advocate the violent overthrow of any government or incite, encourage, or threaten physical harm against another.</p>\n\n<p>9. Your Contributions do not violate any applicable law, regulation, or rule.</p>\n\n<p>10. Your Contributions do not violate the privacy or publicity rights of any third party.</p>\n\n<p>11. Your Contributions do not contain any material that solicits personal information from anyone under the age of 18 or exploits people under the age of 18 in a sexual or violent manner.</p>\n\n<p>12. Your Contributions do not violate any applicable law concerning child pornography, or otherwise intended to protect the health or well-being of minors.</p>\n\n<p>13. Your Contributions do not include any offensive comments that are connected to race, national origin, gender, sexual preference, or physical handicap.</p>\n\n<p>14. Your Contributions do not otherwise violate, or link to material that violates, any provision of these Terms of Use, or any applicable law or regulation.</p>\n\n<p>Any use of the Site in violation of the foregoing violates these Terms of Use and may result in, among other things, termination or suspension of your rights to use the Site.</p>\n\n<p>Contribution License</p>\n\n<p>You and the Site agree that we may access, store, process, and use any information and personal data that you provide following the terms of the Privacy Policy and your choices (including settings).</p>\n\n<p>By submitting suggestions or other feedback regarding the Site, you agree that we can use and share such feedback for any purpose without compensation to you.</p>\n\n<p>We do not assert any ownership over your Contributions. You retain full ownership of all of your Contributions and any intellectual property rights or other proprietary rights associated with your Contributions. We are not liable for any statements or representations in your Contributions provided by you in any area on the Site. You are solely responsible for your Contributions to the Site and you expressly agree to exonerate us from any and all responsibility and to refrain from any legal action against us regarding your Contributions.</p>\n\n<p>Social Media</p>\n\n<p>As part of the functionality of the Site, you may link your account with online accounts you have with third-party service providers (each such account, a “Third-Party Account”) by either: (1) providing your Third-Party Account login information through the Site; or (2) allowing us to access your Third-Party Account, as is permitted under the applicable terms and conditions that govern your use of each Third-Party Account. You represent and warrant that you are entitled to disclose your Third-Party Account login information to us and/or grant us access to your Third-Party Account, without breach by you of any of the terms and conditions that govern your use of the applicable Third-Party Account, and without obligating us to pay any fees or making us subject to any usage limitations imposed by the third-party service provider of the Third-Party Account. By granting us access to any Third-Party Accounts, you understand that (1) we may access, make available, and store (if applicable) any content that you have provided to and stored in your Third-Party Account (the “Social Network Content”) so that it is available on and through the Site via your account, including without limitation any friend lists and (2) we may submit to and receive from your Third-Party Account additional information to the extent you are notified when you link your account with the Third-Party Account. Depending on the Third-Party Accounts you choose and subject to the privacy settings that you have set in such Third-Party Accounts, personally identifiable information that you post to your Third-Party Accounts may be available on and through your account on the Site. Please note that if a Third-Party Account or associated service becomes unavailable or our access to such Third Party Account is terminated by the third-party service provider, then Social Network Content may no longer be available on and through the Site. You will have the ability to disable the connection between your account on the Site and your Third-Party Accounts at any time. PLEASE NOTE THAT YOUR RELATIONSHIP WITH THE THIRD-PARTY SERVICE PROVIDERS ASSOCIATED WITH YOUR THIRD-PARTY ACCOUNTS IS GOVERNED SOLELY BY YOUR AGREEMENT(S) WITH SUCH THIRD-PARTY SERVICE PROVIDERS. We make no effort to review any Social Network Content for any purpose, including but not limited to, for accuracy, legality, or non-infringement, and we are not responsible for any Social Network Content. You acknowledge and agree that we may access your email address book associated with a Third-Party Account and your contacts list stored on your mobile device or tablet computer solely for purposes of identifying and informing you of those contacts who have also registered to use the Site. You can deactivate the connection between the Site and your Third-Party Account by contacting us using the contact information below or through your account settings (if applicable). We will attempt to delete any information stored on our servers that was obtained through such Third-Party Account, except the username and profile picture that become associated with your account.</p>\n\n<p>Submissions</p>\n\n<p>You acknowledge and agree that any questions, comments, suggestions, ideas, feedback, or other information regarding the Site (“Submissions“) provided by you to us are non-confidential and shall become our sole property. We shall own exclusive rights, including all intellectual property rights, and shall be entitled to the unrestricted use and dissemination of these Submissions for any lawful purpose, commercial or otherwise, without acknowledgment or compensation to you. You hereby waive all moral rights to any such Submissions, and you hereby warrant that any such Submissions are original with you or that you have the right to submit such Submissions. You agree there shall be no recourse against us for any alleged or actual infringement or misappropriation of any proprietary right in your Submissions.</p>\n\n<p>Site Management</p>\n\n<p>We reserve the right, but not the obligation, to: (1) monitor the Site for violations of these Terms of Use; (2) take appropriate legal action against anyone who, in our sole discretion, violates the law or these Terms of Use, including without limitation, reporting such user to law enforcement authorities; (3) in our sole discretion and without limitation, refuse, restrict access to, limit the availability of, or disable (to the extent technologically feasible) any of your Contributions or any portion thereof; (4) in our sole discretion and without limitation, notice, or liability, to remove from the Site or otherwise disable all files and content that are excessive in size or are in any way burdensome to our systems; and (5) otherwise manage the Site in a manner designed to protect our rights and property and to facilitate the proper functioning of the Site.</p>\n\n<p>Privacy Policy</p>\n\n<p>We care about data privacy and security. Please review our Privacy Policy: split-side.com/privacy. By using the Site, you agree to be bound by our Privacy Policy, which is incorporated into these Terms of Use. Please be advised the Site is hosted in the United States. If you access the Site from any other region of the world with laws or other requirements governing personal data collection, use, or disclosure that differ from applicable laws in the United States, then through your continued use of the Site, you are transferring your data to the United States, and you agree to have your data transferred to and processed in the United States. Further, we do not knowingly accept, request, or solicit information from children or knowingly market to children. Therefore, in accordance with the U.S. Children’s Online Privacy Protection Act, if we receive actual knowledge that anyone under the age of 13 has provided personal information to us without the requisite and verifiable parental consent, we will delete that information from the Site as quickly as is reasonably practical.</p>\n\n<p>Term &amp; Termination</p>\n\n<p>These Terms of Use shall remain in full force and effect while you use the Site. WITHOUT LIMITING ANY OTHER PROVISION OF THESE TERMS OF USE, WE RESERVE THE RIGHT TO, IN OUR SOLE DISCRETION AND WITHOUT NOTICE OR LIABILITY, DENY ACCESS TO AND USE OF THE SITE (INCLUDING BLOCKING CERTAIN IP ADDRESSES), TO ANY PERSON FOR ANY REASON OR FOR NO REASON, INCLUDING WITHOUT LIMITATION FOR BREACH OF ANY REPRESENTATION, WARRANTY, OR COVENANT CONTAINED IN THESE TERMS OF USE OR OF ANY APPLICABLE LAW OR REGULATION. WE MAY TERMINATE YOUR USE OR PARTICIPATION IN THE SITE OR DELETE YOUR ACCOUNT AND ANY CONTENT OR INFORMATION THAT YOU POSTED AT ANY TIME, WITHOUT WARNING, IN OUR SOLE DISCRETION.</p>\n\n<p>If we terminate or suspend your account for any reason, you are prohibited from registering and creating a new account under your name, a fake or borrowed name, or the name of any third party, even if you may be acting on behalf of the third party. In addition to terminating or suspending your account, we reserve the right to take appropriate legal action, including without limitation pursuing civil, criminal, and injunctive redress.</p>\n\n<p>Modifications &amp; Interruptions</p>\n\n<p>We reserve the right to change, modify, or remove the contents of the Site at any time or for any reason at our sole discretion without notice. However, we have no obligation to update any information on our Site. We also reserve the right to modify or discontinue all or part of the Site without notice at any time. We will not be liable to you or any third party for any modification, price change, suspension, or discontinuance of the Site.</p>\n\n<p>We cannot guarantee the Site will be available at all times. We may experience hardware, software, or other problems or need to perform maintenance related to the Site, resulting in interruptions, delays, or errors. We reserve the right to change, revise, update, suspend, discontinue, or otherwise modify the Site at any time or for any reason without notice to you. You agree that we have no liability whatsoever for any loss, damage, or inconvenience caused by your inability to access or use the Site during any downtime or discontinuance of the Site. Nothing in these Terms of Use will be construed to obligate us to maintain and support the Site or to supply any corrections, updates, or releases in connection therewith.</p>\n\n<p>Governing Law</p>\n\n<p>These Terms of Use and your use of the Site are governed by and construed in accordance with the laws of the State of California applicable to agreements made and to be entirely performed within the State of California, without regard to its conflict of law principles.</p>\n\n<p>Dispute Resolution</p>\n\n<p>Any legal action of whatever nature brought by either you or us (collectively, the “Parties” and individually, a “Party”) shall be commenced or prosecuted in the state and federal courts located in Orange County, California, and the Parties hereby consent to, and waive all defenses of lack of personal jurisdiction and forum non conveniens with respect to venue and jurisdiction in such state and federal courts. Application of the United Nations Convention on Contracts for the International Sale of Goods and the Uniform Computer Information Transaction Act (UCITA) are excluded from these Terms of Use. In no event shall any claim, action, or proceeding brought by either Party related in any way to the Site be commenced more than one (1) years after the cause of action arose.</p>\n\n<p>Corrections</p>\n\n<p>There may be information on the Site that contains typographical errors, inaccuracies, or omissions, including descriptions, pricing, availability, and various other information. We reserve the right to correct any errors, inaccuracies, or omissions and to change or update the information on the Site at any time, without prior notice.</p>\n\n<p>Disclaimer</p>\n\n<p>THE SITE IS PROVIDED ON AN AS-IS AND AS-AVAILABLE BASIS. YOU AGREE THAT YOUR USE OF THE SITE AND OUR SERVICES WILL BE AT YOUR SOLE RISK. TO THE FULLEST EXTENT PERMITTED BY LAW, WE DISCLAIM ALL WARRANTIES, EXPRESS OR IMPLIED, IN CONNECTION WITH THE SITE AND YOUR USE THEREOF, INCLUDING, WITHOUT LIMITATION, THE IMPLIED WARRANTIES OF MERCHANTABILITY, FITNESS FOR A PARTICULAR PURPOSE, AND NON-INFRINGEMENT. WE MAKE NO WARRANTIES OR REPRESENTATIONS ABOUT THE ACCURACY OR COMPLETENESS OF THE SITE’S CONTENT OR THE CONTENT OF ANY WEBSITES LINKED TO THE SITE AND WE WILL ASSUME NO LIABILITY OR RESPONSIBILITY FOR ANY (1) ERRORS, MISTAKES, OR INACCURACIES OF CONTENT AND MATERIALS, (2) PERSONAL INJURY OR PROPERTY DAMAGE, OF ANY NATURE WHATSOEVER, RESULTING FROM YOUR ACCESS TO AND USE OF THE SITE, (3) ANY UNAUTHORIZED ACCESS TO OR USE OF OUR SECURE SERVERS AND/OR ANY AND ALL PERSONAL INFORMATION AND/OR FINANCIAL INFORMATION STORED THEREIN, (4) ANY INTERRUPTION OR CESSATION OF TRANSMISSION TO OR FROM THE SITE, (5) ANY BUGS, VIRUSES, TROJAN HORSES, OR THE LIKE WHICH MAY BE TRANSMITTED TO OR THROUGH THE SITE BY ANY THIRD PARTY, AND/OR (6) ANY ERRORS OR OMISSIONS IN ANY CONTENT AND MATERIALS OR FOR ANY LOSS OR DAMAGE OF ANY KIND INCURRED AS A RESULT OF THE USE OF ANY CONTENT POSTED, TRANSMITTED, OR OTHERWISE MADE AVAILABLE VIA THE SITE. WE DO NOT WARRANT, ENDORSE, GUARANTEE, OR ASSUME RESPONSIBILITY FOR ANY PRODUCT OR SERVICE ADVERTISED OR OFFERED BY A THIRD PARTY THROUGH THE SITE, ANY HYPERLINKED WEBSITE, OR ANY WEBSITE OR MOBILE APPLICATION FEATURED IN ANY BANNER OR OTHER ADVERTISING, AND WE WILL NOT BE A PARTY TO OR IN ANY WAY BE RESPONSIBLE FOR MONITORING ANY TRANSACTION BETWEEN YOU AND ANY THIRD-PARTY PROVIDERS OF PRODUCTS OR SERVICES. AS WITH THE PURCHASE OF A PRODUCT OR SERVICE THROUGH ANY MEDIUM OR IN ANY ENVIRONMENT, YOU SHOULD USE YOUR BEST JUDGMENT AND EXERCISE CAUTION WHERE APPROPRIATE.Limitations of LiabilityIN NO EVENT WILL WE OR OUR DIRECTORS, EMPLOYEES, OR AGENTS BE LIABLE TO YOU OR ANY THIRD PARTY FOR ANY DIRECT, INDIRECT, CONSEQUENTIAL, EXEMPLARY, INCIDENTAL, SPECIAL, OR PUNITIVE DAMAGES, INCLUDING LOST PROFIT, LOST REVENUE, LOSS OF DATA, OR OTHER DAMAGES ARISING FROM YOUR USE OF THE SITE, EVEN IF WE HAVE BEEN ADVISED OF THE POSSIBILITY OF SUCH DAMAGES. NOTWITHSTANDING ANYTHING TO THE CONTRARY CONTAINED HEREIN, OUR LIABILITY TO YOU FOR ANY CAUSE WHATSOEVER AND REGARDLESS OF THE FORM OF THE ACTION, WILL AT ALL TIMES BE LIMITED TO THE LESSER OF THE AMOUNT PAID, IF ANY, BY YOU TO US DURING THE SIX (6) MONTH PERIOD PRIOR TO ANY CAUSE OF ACTION ARISING OR $500.00 USD. CERTAIN US STATE LAWS AND INTERNATIONAL LAWS DO NOT ALLOW LIMITATIONS ON IMPLIED WARRANTIES OR THE EXCLUSION OR LIMITATION OF CERTAIN DAMAGES. IF THESE LAWS APPLY TO YOU, SOME OR ALL OF THE ABOVE DISCLAIMERS OR LIMITATIONS MAY NOT APPLY TO YOU, AND YOU MAY HAVE ADDITIONAL RIGHTS.</p>\n\n<p>Indemnification</p>\n\n<p>You agree to defend, indemnify, and hold us harmless, including our subsidiaries, affiliates, and all of our respective officers, agents, partners, and employees, from and against any loss, damage, liability, claim, or demand, including reasonable attorneys’ fees and expenses, made by any third party due to or arising out of: (1) use of the Site; (2) breach of these Terms of Use; (3) any breach of your representations and warranties set forth in these Terms of Use; (4) your violation of the rights of a third party, including but not limited to intellectual property rights; or (5) any overt harmful act toward any other user of the Site with whom you connected via the Site. Notwithstanding the foregoing, we reserve the right, at your expense, to assume the exclusive defense and control of any matter for which you are required to indemnify us, and you agree to cooperate, at your expense, with our defense of such claims. We will use reasonable efforts to notify you of any such claim, action, or proceeding which is subject to this indemnification upon becoming aware of it.</p>\n\n<p>User Data</p>\n\n<p>We will maintain certain data that you transmit to the Site for the purpose of managing the performance of the Site, as well as data relating to your use of the Site. Although we perform regular routine backups of data, you are solely responsible for all data that you transmit or that relates to any activity you have undertaken using the Site. You agree that we shall have no liability to you for any loss or corruption of any such data, and you hereby waive any right of action against us arising from any such loss or corruption of such data.</p>\n\n<p>Electronic Communications, Transactions &amp; Signatures</p>\n\n<p>Visiting the Site, sending us emails, and completing online forms constitute electronic communications. You consent to receive electronic communications, and you agree that all agreements, notices, disclosures, and other communications we provide to you electronically, via email and on the Site, satisfy any legal requirement that such communication be in writing. YOU HEREBY AGREE TO THE USE OF ELECTRONIC SIGNATURES, CONTRACTS, ORDERS, AND OTHER RECORDS, AND TO ELECTRONIC DELIVERY OF NOTICES, POLICIES, AND RECORDS OF TRANSACTIONS INITIATED OR COMPLETED BY US OR VIA THE SITE. You hereby waive any rights or requirements under any statutes, regulations, rules, ordinances, or other laws in any jurisdiction which require an original signature or delivery or retention of non-electronic records, or to payments or the granting of credits by any means other than electronic means.</p>\n\n<p>California Users &amp; Residents</p>\n\n<p>If any complaint with us is not satisfactorily resolved, you can contact the Complaint Assistance Unit of the Division of Consumer Services of the California Department of Consumer Affairs in writing at 1625 North Market Blvd., Suite N 112, Sacramento, California 95834 or by telephone at (800)952-5210 or (916)445-1254.</p>\n\n<p>Miscellaneous</p>\n\n<p>These Terms of Use and any policies or operating rules posted by us on the Site or in respect to the Site constitute the entire agreement and understanding between you and us. Our failure to exercise or enforce any right or provision of these Terms of Use shall not operate as a waiver of such right or provision. These Terms of Use operate to the fullest extent permissible by law. We may assign any or all of our rights and obligations to others at any time. We shall not be responsible or liable for any loss, damage, delay, or failure to act caused by any cause beyond our reasonable control. If any provision or part of a provision of these Terms of Use is determined to be unlawful, void, or unenforceable, that provision or part of the provision is deemed severable from these Terms of Use and does not affect the validity and enforceability of any remaining provisions. There is no joint venture, partnership, employment or agency relationship created between you and us as a result of these Terms of Use or use of the Site. You agree that these Terms of Use will not be construed against us by virtue of having drafted them. You hereby waive any and all defenses you may have based on the electronic form of these Terms of Use and the lack of signing by the parties hereto to execute these Terms of Use.</p>\n\n<p>Contact Us</p>\n\n<p>In order to resolve a complaint regarding the Site or to receive further information regarding use of the Site, please contact us at:</p>\n\n<p>support@split-side.com</p>"}}, {"model": "djangocms_text_ckeditor.text", "pk": 10, "fields": {"body": "<p>Updated: July 22, 2022</p>\n\n<p>Agreement to Terms</p>\n\n<p>These Terms and Conditions constitute a legally binding agreement made between you, whether personally or on behalf of an entity (“you”) and Podium Interactive, LLC. , doing business as Split-Side (“Split-Side“, “we”, “us”, or “our”), concerning your access to and use of the Split-Side.com website as well as any other media form, media channel, mobile website or mobile application related, linked, or otherwise connected thereto (collectively, the “Site”). You agree that by accessing the Site, you have read, understood, and agreed to be bound by all of these Terms of Use. IF YOU DO NOT AGREE WITH ALL OF THESE TERMS OF USE, THEN YOU ARE EXPRESSLY PROHIBITED FROM USING THE SITE AND YOU MUST DISCONTINUE USE IMMEDIATELY.</p>\n\n<p>Supplemental terms and conditions or documents that may be posted on the Site from time to time are hereby expressly incorporated herein by reference. We reserve the right, in our sole discretion, to make changes or modifications to these Terms of Use at any time and for any reason. We will alert you about any changes by updating the “Last updated” date of these Terms of Use, and you waive any right to receive specific notice of each such change. It is your responsibility to periodically review these Terms of Use to stay informed of updates. You will be subject to, and will be deemed to have been made aware of and to have accepted, the changes in any revised Terms of Use by your continued use of the Site after the date such revised Terms of Use are posted.</p>\n\n<p>The information provided on the Site is not intended for distribution to or use by any person or entity in any jurisdiction or country where such distribution or use would be contrary to law or regulation or which would subject us to any registration requirement within such jurisdiction or country. Accordingly, those persons who choose to access the Site from other locations do so on their own initiative and are solely responsible for compliance with local laws, if and to the extent local laws are applicable.</p>\n\n<p>The Site is not tailored to comply with industry-specific regulations (Health Insurance Portability and Accountability Act (HIPAA), Federal Information Security Management Act (FISMA), etc.), so if your interactions would be subjected to such laws, you may not use this Site. You may not use the Site in a way that would violate the Gramm-Leach-Bliley Act (GLBA).The Site is intended for users who are at least eighteen (18) years of age. All users who are minors in the jurisdiction in which they reside (generally under the age of 18) must have the permission of, and be directly supervised by, their parent or guardian to use the Site. If you are a minor, you must have your parent or guardian read and agree to these Terms of Use prior to you using the Site.</p>\n\n<p>Intellectual Property Rights</p>\n\n<p>Unless otherwise indicated, the Site is our proprietary property and all source code, databases, functionality, software, website designs, audio, video, text, photographs, and graphics on the Site (collectively, the “Content”) and the trademarks, service marks, and logos contained therein (the “Marks”) are owned or controlled by us or licensed to us, and are protected by copyright and trademark laws and various other intellectual property rights and unfair competition laws of the United States, international copyright laws, and international conventions. The Content and the Marks are provided on the Site “AS IS” for your information and personal use only. Except as expressly provided in these Terms of Use, no part of the Site and no Content or Marks may be copied, reproduced, aggregated, republished, uploaded, posted, publicly displayed, encoded, translated, transmitted, distributed, sold, licensed, or otherwise exploited for any commercial purpose whatsoever, without our express prior written permission.</p>\n\n<p>Provided that you are eligible to use the Site, you are granted a limited license to access and use the Site and to download or print a copy of any portion of the Content to which you have properly gained access solely for your personal, non-commercial use. We reserve all rights not expressly granted to you in and to the Site, the Content and the Marks.User Representations</p>\n\n<p>By using the Site, you represent and warrant that: (1) all registration information you submit will be true, accurate, current, and complete; (2) you will maintain the accuracy of such information and promptly update such registration information as necessary; (3) you have the legal capacity and you agree to comply with these Terms of Use; (4) you are not under the age of 13; (5) you are not a minor in the jurisdiction in which you reside, or if a minor, you have received parental permission to use the Site; (6) you will not access the Site through automated or non-human means, whether through a bot, script, or otherwise; (7) you will not use the Site for any illegal or unauthorized purpose; and (8) your use of the Site will not violate any applicable law or regulation.</p>\n\n<p>If you provide any information that is untrue, inaccurate, not current, or incomplete, we have the right to suspend or terminate your account and refuse any and all current or future use of the Site (or any portion thereof).</p>\n\n<p>User Registration</p>\n\n<p>You may be required to register with the Site. You agree to keep your password confidential and will be responsible for all use of your account and password. We reserve the right to remove, reclaim, or change a username you select if we determine, in our sole discretion, that such username is inappropriate, obscene, or otherwise objectionable.</p>\n\n<p>Prohibited Activities</p>\n\n<p>You may not access or use the Site for any purpose other than that for which we make the Site available. The Site may not be used in connection with any commercial endeavors except those that are specifically endorsed or approved by us.</p>\n\n<p>As a user of the Site, you agree not to:</p>\n\n<p>1. Systematically retrieve data or other content from the Site to create or compile, directly or indirectly, a collection, compilation, database, or directory without written permission from us.</p>\n\n<p>2. Trick, defraud, or mislead us and other users, especially in any attempt to learn sensitive account information such as user passwords.</p>\n\n<p>3. Circumvent, disable, or otherwise interfere with security-related features of the Site, including features that prevent or restrict the use or copying of any Content or enforce limitations on the use of the Site and/or the Content contained therein.</p>\n\n<p>4. Disparage, tarnish, or otherwise harm, in our opinion, us and/or the Site.</p>\n\n<p>5. Use any information obtained from the Site in order to harass, abuse, or harm another person.</p>\n\n<p>6. Make improper use of our support services or submit false reports of abuse or misconduct.</p>\n\n<p>7. Use the Site in a manner inconsistent with any applicable laws or regulations.</p>\n\n<p>8. Engage in unauthorized framing of or linking to the Site.</p>\n\n<p>9. Upload or transmit (or attempt to upload or to transmit) viruses, Trojan horses, or other material, including excessive use of capital letters and spamming (continuous posting of repetitive text), that interferes with any party’s uninterrupted use and enjoyment of the Site or modifies, impairs, disrupts, alters, or interferes with the use, features, functions, operation, or maintenance of the Site.</p>\n\n<p>10. Engage in any automated use of the system, such as using scripts to send comments or messages, or using any data mining, robots, or similar data gathering and extraction tools.</p>\n\n<p>11. Delete the copyright or other proprietary rights notice from any Content.</p>\n\n<p>12. Attempt to impersonate another user or person or use the username of another user.</p>\n\n<p>13. Sell or otherwise transfer your profile.</p>\n\n<p>14. Upload or transmit (or attempt to upload or to transmit) any material that acts as a passive or active information collection or transmission mechanism, including without limitation, clear graphics interchange formats (“gifs”), 1×1 pixels, web bugs, cookies, or other similar devices (sometimes referred to as “spyware” or “passive collection mechanisms” or “pcms”).</p>\n\n<p>15. Interfere with, disrupt, or create an undue burden on the Site or the networks or services connected to the Site.</p>\n\n<p>16. Harass, annoy, intimidate, or threaten any of our employees or agents engaged in providing any portion of the Site to you.</p>\n\n<p>17. Attempt to bypass any measures of the Site designed to prevent or restrict access to the Site, or any portion of the Site.</p>\n\n<p>18. Copy or adapt the Site’s software, including but not limited to Flash, PHP, HTML, JavaScript, or other code.</p>\n\n<p>19. Decipher, decompile, disassemble, or reverse engineer any of the software comprising or in any way making up a part of the Site.</p>\n\n<p>20. Except as may be the result of standard search engine or Internet browser usage, use, launch, develop, or distribute any automated system, including without limitation, any spider, robot, cheat utility, scraper, or offline reader that accesses the Site, or using or launching any unauthorized script or other software.</p>\n\n<p>21. Use a buying agent or purchasing agent to make purchases on the Site.</p>\n\n<p>22. Make any unauthorized use of the Site, including collecting usernames and/or email addresses of users by electronic or other means for the purpose of sending unsolicited email, or creating user accounts by automated means or under false pretenses.</p>\n\n<p>23. Use the Site as part of any effort to compete with us or otherwise use the Site and/or the Content for any revenue-generating endeavor or commercial enterprise.</p>\n\n<p>User-Generated Contributions</p>\n\n<p>The Site does not offer users to submit or post content. We may provide you with the opportunity to create, submit, post, display, transmit, perform, publish, distribute, or broadcast content and materials to us or on the Site, including but not limited to text, writings, video, audio, photographs, graphics, comments, suggestions, or personal information or other material (collectively, “Contributions“). Contributions may be viewable by other users of the Site and through third-party websites. As such, any Contributions you transmit may be treated in accordance with the Site Privacy Policy. When you create or make available any Contributions, you thereby represent and warrant that:</p>\n\n<p>1. The creation, distribution, transmission, public display, or performance, and the accessing, downloading, or copying of your Contributions do not and will not infringe the proprietary rights, including but not limited to the copyright, patent, trademark, trade secret, or moral rights of any third party.</p>\n\n<p>2. You are the creator and owner of or have the necessary licenses, rights, consents, releases, and permissions to use and to authorize us, the Site, and other users of the Site to use your Contributions in any manner contemplated by the Site and these Terms of Use.</p>\n\n<p>3. You have the written consent, release, and/or permission of each and every identifiable individual person in your Contributions to use the name or likeness of each and every such identifiable individual person to enable inclusion and use of your Contributions in any manner contemplated by the Site and these Terms of Use.</p>\n\n<p>4. Your Contributions are not false, inaccurate, or misleading.</p>\n\n<p>5. Your Contributions are not unsolicited or unauthorized advertising, promotional materials, pyramid schemes, chain letters, spam, mass mailings, or other forms of solicitation.</p>\n\n<p>6. Your Contributions are not obscene, lewd, lascivious, filthy, violent, harassing, libelous, slanderous, or otherwise objectionable (as determined by us).</p>\n\n<p>7. Your Contributions do not ridicule, mock, disparage, intimidate, or abuse anyone.</p>\n\n<p>8. Your Contributions do not advocate the violent overthrow of any government or incite, encourage, or threaten physical harm against another.</p>\n\n<p>9. Your Contributions do not violate any applicable law, regulation, or rule.</p>\n\n<p>10. Your Contributions do not violate the privacy or publicity rights of any third party.</p>\n\n<p>11. Your Contributions do not contain any material that solicits personal information from anyone under the age of 18 or exploits people under the age of 18 in a sexual or violent manner.</p>\n\n<p>12. Your Contributions do not violate any applicable law concerning child pornography, or otherwise intended to protect the health or well-being of minors.</p>\n\n<p>13. Your Contributions do not include any offensive comments that are connected to race, national origin, gender, sexual preference, or physical handicap.</p>\n\n<p>14. Your Contributions do not otherwise violate, or link to material that violates, any provision of these Terms of Use, or any applicable law or regulation.</p>\n\n<p>Any use of the Site in violation of the foregoing violates these Terms of Use and may result in, among other things, termination or suspension of your rights to use the Site.</p>\n\n<p>Contribution License</p>\n\n<p>You and the Site agree that we may access, store, process, and use any information and personal data that you provide following the terms of the Privacy Policy and your choices (including settings).</p>\n\n<p>By submitting suggestions or other feedback regarding the Site, you agree that we can use and share such feedback for any purpose without compensation to you.</p>\n\n<p>We do not assert any ownership over your Contributions. You retain full ownership of all of your Contributions and any intellectual property rights or other proprietary rights associated with your Contributions. We are not liable for any statements or representations in your Contributions provided by you in any area on the Site. You are solely responsible for your Contributions to the Site and you expressly agree to exonerate us from any and all responsibility and to refrain from any legal action against us regarding your Contributions.</p>\n\n<p>Social Media</p>\n\n<p>As part of the functionality of the Site, you may link your account with online accounts you have with third-party service providers (each such account, a “Third-Party Account”) by either: (1) providing your Third-Party Account login information through the Site; or (2) allowing us to access your Third-Party Account, as is permitted under the applicable terms and conditions that govern your use of each Third-Party Account. You represent and warrant that you are entitled to disclose your Third-Party Account login information to us and/or grant us access to your Third-Party Account, without breach by you of any of the terms and conditions that govern your use of the applicable Third-Party Account, and without obligating us to pay any fees or making us subject to any usage limitations imposed by the third-party service provider of the Third-Party Account. By granting us access to any Third-Party Accounts, you understand that (1) we may access, make available, and store (if applicable) any content that you have provided to and stored in your Third-Party Account (the “Social Network Content”) so that it is available on and through the Site via your account, including without limitation any friend lists and (2) we may submit to and receive from your Third-Party Account additional information to the extent you are notified when you link your account with the Third-Party Account. Depending on the Third-Party Accounts you choose and subject to the privacy settings that you have set in such Third-Party Accounts, personally identifiable information that you post to your Third-Party Accounts may be available on and through your account on the Site. Please note that if a Third-Party Account or associated service becomes unavailable or our access to such Third Party Account is terminated by the third-party service provider, then Social Network Content may no longer be available on and through the Site. You will have the ability to disable the connection between your account on the Site and your Third-Party Accounts at any time. PLEASE NOTE THAT YOUR RELATIONSHIP WITH THE THIRD-PARTY SERVICE PROVIDERS ASSOCIATED WITH YOUR THIRD-PARTY ACCOUNTS IS GOVERNED SOLELY BY YOUR AGREEMENT(S) WITH SUCH THIRD-PARTY SERVICE PROVIDERS. We make no effort to review any Social Network Content for any purpose, including but not limited to, for accuracy, legality, or non-infringement, and we are not responsible for any Social Network Content. You acknowledge and agree that we may access your email address book associated with a Third-Party Account and your contacts list stored on your mobile device or tablet computer solely for purposes of identifying and informing you of those contacts who have also registered to use the Site. You can deactivate the connection between the Site and your Third-Party Account by contacting us using the contact information below or through your account settings (if applicable). We will attempt to delete any information stored on our servers that was obtained through such Third-Party Account, except the username and profile picture that become associated with your account.</p>\n\n<p>Submissions</p>\n\n<p>You acknowledge and agree that any questions, comments, suggestions, ideas, feedback, or other information regarding the Site (“Submissions“) provided by you to us are non-confidential and shall become our sole property. We shall own exclusive rights, including all intellectual property rights, and shall be entitled to the unrestricted use and dissemination of these Submissions for any lawful purpose, commercial or otherwise, without acknowledgment or compensation to you. You hereby waive all moral rights to any such Submissions, and you hereby warrant that any such Submissions are original with you or that you have the right to submit such Submissions. You agree there shall be no recourse against us for any alleged or actual infringement or misappropriation of any proprietary right in your Submissions.</p>\n\n<p>Site Management</p>\n\n<p>We reserve the right, but not the obligation, to: (1) monitor the Site for violations of these Terms of Use; (2) take appropriate legal action against anyone who, in our sole discretion, violates the law or these Terms of Use, including without limitation, reporting such user to law enforcement authorities; (3) in our sole discretion and without limitation, refuse, restrict access to, limit the availability of, or disable (to the extent technologically feasible) any of your Contributions or any portion thereof; (4) in our sole discretion and without limitation, notice, or liability, to remove from the Site or otherwise disable all files and content that are excessive in size or are in any way burdensome to our systems; and (5) otherwise manage the Site in a manner designed to protect our rights and property and to facilitate the proper functioning of the Site.</p>\n\n<p>Privacy Policy</p>\n\n<p>We care about data privacy and security. Please review our Privacy Policy: split-side.com/privacy. By using the Site, you agree to be bound by our Privacy Policy, which is incorporated into these Terms of Use. Please be advised the Site is hosted in the United States. If you access the Site from any other region of the world with laws or other requirements governing personal data collection, use, or disclosure that differ from applicable laws in the United States, then through your continued use of the Site, you are transferring your data to the United States, and you agree to have your data transferred to and processed in the United States. Further, we do not knowingly accept, request, or solicit information from children or knowingly market to children. Therefore, in accordance with the U.S. Children’s Online Privacy Protection Act, if we receive actual knowledge that anyone under the age of 13 has provided personal information to us without the requisite and verifiable parental consent, we will delete that information from the Site as quickly as is reasonably practical.</p>\n\n<p>Term &amp; Termination</p>\n\n<p>These Terms of Use shall remain in full force and effect while you use the Site. WITHOUT LIMITING ANY OTHER PROVISION OF THESE TERMS OF USE, WE RESERVE THE RIGHT TO, IN OUR SOLE DISCRETION AND WITHOUT NOTICE OR LIABILITY, DENY ACCESS TO AND USE OF THE SITE (INCLUDING BLOCKING CERTAIN IP ADDRESSES), TO ANY PERSON FOR ANY REASON OR FOR NO REASON, INCLUDING WITHOUT LIMITATION FOR BREACH OF ANY REPRESENTATION, WARRANTY, OR COVENANT CONTAINED IN THESE TERMS OF USE OR OF ANY APPLICABLE LAW OR REGULATION. WE MAY TERMINATE YOUR USE OR PARTICIPATION IN THE SITE OR DELETE YOUR ACCOUNT AND ANY CONTENT OR INFORMATION THAT YOU POSTED AT ANY TIME, WITHOUT WARNING, IN OUR SOLE DISCRETION.</p>\n\n<p>If we terminate or suspend your account for any reason, you are prohibited from registering and creating a new account under your name, a fake or borrowed name, or the name of any third party, even if you may be acting on behalf of the third party. In addition to terminating or suspending your account, we reserve the right to take appropriate legal action, including without limitation pursuing civil, criminal, and injunctive redress.</p>\n\n<p>Modifications &amp; Interruptions</p>\n\n<p>We reserve the right to change, modify, or remove the contents of the Site at any time or for any reason at our sole discretion without notice. However, we have no obligation to update any information on our Site. We also reserve the right to modify or discontinue all or part of the Site without notice at any time. We will not be liable to you or any third party for any modification, price change, suspension, or discontinuance of the Site.</p>\n\n<p>We cannot guarantee the Site will be available at all times. We may experience hardware, software, or other problems or need to perform maintenance related to the Site, resulting in interruptions, delays, or errors. We reserve the right to change, revise, update, suspend, discontinue, or otherwise modify the Site at any time or for any reason without notice to you. You agree that we have no liability whatsoever for any loss, damage, or inconvenience caused by your inability to access or use the Site during any downtime or discontinuance of the Site. Nothing in these Terms of Use will be construed to obligate us to maintain and support the Site or to supply any corrections, updates, or releases in connection therewith.</p>\n\n<p>Governing Law</p>\n\n<p>These Terms of Use and your use of the Site are governed by and construed in accordance with the laws of the State of California applicable to agreements made and to be entirely performed within the State of California, without regard to its conflict of law principles.</p>\n\n<p>Dispute Resolution</p>\n\n<p>Any legal action of whatever nature brought by either you or us (collectively, the “Parties” and individually, a “Party”) shall be commenced or prosecuted in the state and federal courts located in Orange County, California, and the Parties hereby consent to, and waive all defenses of lack of personal jurisdiction and forum non conveniens with respect to venue and jurisdiction in such state and federal courts. Application of the United Nations Convention on Contracts for the International Sale of Goods and the Uniform Computer Information Transaction Act (UCITA) are excluded from these Terms of Use. In no event shall any claim, action, or proceeding brought by either Party related in any way to the Site be commenced more than one (1) years after the cause of action arose.</p>\n\n<p>Corrections</p>\n\n<p>There may be information on the Site that contains typographical errors, inaccuracies, or omissions, including descriptions, pricing, availability, and various other information. We reserve the right to correct any errors, inaccuracies, or omissions and to change or update the information on the Site at any time, without prior notice.</p>\n\n<p>Disclaimer</p>\n\n<p>THE SITE IS PROVIDED ON AN AS-IS AND AS-AVAILABLE BASIS. YOU AGREE THAT YOUR USE OF THE SITE AND OUR SERVICES WILL BE AT YOUR SOLE RISK. TO THE FULLEST EXTENT PERMITTED BY LAW, WE DISCLAIM ALL WARRANTIES, EXPRESS OR IMPLIED, IN CONNECTION WITH THE SITE AND YOUR USE THEREOF, INCLUDING, WITHOUT LIMITATION, THE IMPLIED WARRANTIES OF MERCHANTABILITY, FITNESS FOR A PARTICULAR PURPOSE, AND NON-INFRINGEMENT. WE MAKE NO WARRANTIES OR REPRESENTATIONS ABOUT THE ACCURACY OR COMPLETENESS OF THE SITE’S CONTENT OR THE CONTENT OF ANY WEBSITES LINKED TO THE SITE AND WE WILL ASSUME NO LIABILITY OR RESPONSIBILITY FOR ANY (1) ERRORS, MISTAKES, OR INACCURACIES OF CONTENT AND MATERIALS, (2) PERSONAL INJURY OR PROPERTY DAMAGE, OF ANY NATURE WHATSOEVER, RESULTING FROM YOUR ACCESS TO AND USE OF THE SITE, (3) ANY UNAUTHORIZED ACCESS TO OR USE OF OUR SECURE SERVERS AND/OR ANY AND ALL PERSONAL INFORMATION AND/OR FINANCIAL INFORMATION STORED THEREIN, (4) ANY INTERRUPTION OR CESSATION OF TRANSMISSION TO OR FROM THE SITE, (5) ANY BUGS, VIRUSES, TROJAN HORSES, OR THE LIKE WHICH MAY BE TRANSMITTED TO OR THROUGH THE SITE BY ANY THIRD PARTY, AND/OR (6) ANY ERRORS OR OMISSIONS IN ANY CONTENT AND MATERIALS OR FOR ANY LOSS OR DAMAGE OF ANY KIND INCURRED AS A RESULT OF THE USE OF ANY CONTENT POSTED, TRANSMITTED, OR OTHERWISE MADE AVAILABLE VIA THE SITE. WE DO NOT WARRANT, ENDORSE, GUARANTEE, OR ASSUME RESPONSIBILITY FOR ANY PRODUCT OR SERVICE ADVERTISED OR OFFERED BY A THIRD PARTY THROUGH THE SITE, ANY HYPERLINKED WEBSITE, OR ANY WEBSITE OR MOBILE APPLICATION FEATURED IN ANY BANNER OR OTHER ADVERTISING, AND WE WILL NOT BE A PARTY TO OR IN ANY WAY BE RESPONSIBLE FOR MONITORING ANY TRANSACTION BETWEEN YOU AND ANY THIRD-PARTY PROVIDERS OF PRODUCTS OR SERVICES. AS WITH THE PURCHASE OF A PRODUCT OR SERVICE THROUGH ANY MEDIUM OR IN ANY ENVIRONMENT, YOU SHOULD USE YOUR BEST JUDGMENT AND EXERCISE CAUTION WHERE APPROPRIATE.Limitations of LiabilityIN NO EVENT WILL WE OR OUR DIRECTORS, EMPLOYEES, OR AGENTS BE LIABLE TO YOU OR ANY THIRD PARTY FOR ANY DIRECT, INDIRECT, CONSEQUENTIAL, EXEMPLARY, INCIDENTAL, SPECIAL, OR PUNITIVE DAMAGES, INCLUDING LOST PROFIT, LOST REVENUE, LOSS OF DATA, OR OTHER DAMAGES ARISING FROM YOUR USE OF THE SITE, EVEN IF WE HAVE BEEN ADVISED OF THE POSSIBILITY OF SUCH DAMAGES. NOTWITHSTANDING ANYTHING TO THE CONTRARY CONTAINED HEREIN, OUR LIABILITY TO YOU FOR ANY CAUSE WHATSOEVER AND REGARDLESS OF THE FORM OF THE ACTION, WILL AT ALL TIMES BE LIMITED TO THE LESSER OF THE AMOUNT PAID, IF ANY, BY YOU TO US DURING THE SIX (6) MONTH PERIOD PRIOR TO ANY CAUSE OF ACTION ARISING OR $500.00 USD. CERTAIN US STATE LAWS AND INTERNATIONAL LAWS DO NOT ALLOW LIMITATIONS ON IMPLIED WARRANTIES OR THE EXCLUSION OR LIMITATION OF CERTAIN DAMAGES. IF THESE LAWS APPLY TO YOU, SOME OR ALL OF THE ABOVE DISCLAIMERS OR LIMITATIONS MAY NOT APPLY TO YOU, AND YOU MAY HAVE ADDITIONAL RIGHTS.</p>\n\n<p>Indemnification</p>\n\n<p>You agree to defend, indemnify, and hold us harmless, including our subsidiaries, affiliates, and all of our respective officers, agents, partners, and employees, from and against any loss, damage, liability, claim, or demand, including reasonable attorneys’ fees and expenses, made by any third party due to or arising out of: (1) use of the Site; (2) breach of these Terms of Use; (3) any breach of your representations and warranties set forth in these Terms of Use; (4) your violation of the rights of a third party, including but not limited to intellectual property rights; or (5) any overt harmful act toward any other user of the Site with whom you connected via the Site. Notwithstanding the foregoing, we reserve the right, at your expense, to assume the exclusive defense and control of any matter for which you are required to indemnify us, and you agree to cooperate, at your expense, with our defense of such claims. We will use reasonable efforts to notify you of any such claim, action, or proceeding which is subject to this indemnification upon becoming aware of it.</p>\n\n<p>User Data</p>\n\n<p>We will maintain certain data that you transmit to the Site for the purpose of managing the performance of the Site, as well as data relating to your use of the Site. Although we perform regular routine backups of data, you are solely responsible for all data that you transmit or that relates to any activity you have undertaken using the Site. You agree that we shall have no liability to you for any loss or corruption of any such data, and you hereby waive any right of action against us arising from any such loss or corruption of such data.</p>\n\n<p>Electronic Communications, Transactions &amp; Signatures</p>\n\n<p>Visiting the Site, sending us emails, and completing online forms constitute electronic communications. You consent to receive electronic communications, and you agree that all agreements, notices, disclosures, and other communications we provide to you electronically, via email and on the Site, satisfy any legal requirement that such communication be in writing. YOU HEREBY AGREE TO THE USE OF ELECTRONIC SIGNATURES, CONTRACTS, ORDERS, AND OTHER RECORDS, AND TO ELECTRONIC DELIVERY OF NOTICES, POLICIES, AND RECORDS OF TRANSACTIONS INITIATED OR COMPLETED BY US OR VIA THE SITE. You hereby waive any rights or requirements under any statutes, regulations, rules, ordinances, or other laws in any jurisdiction which require an original signature or delivery or retention of non-electronic records, or to payments or the granting of credits by any means other than electronic means.</p>\n\n<p>California Users &amp; Residents</p>\n\n<p>If any complaint with us is not satisfactorily resolved, you can contact the Complaint Assistance Unit of the Division of Consumer Services of the California Department of Consumer Affairs in writing at 1625 North Market Blvd., Suite N 112, Sacramento, California 95834 or by telephone at (800)952-5210 or (916)445-1254.</p>\n\n<p>Miscellaneous</p>\n\n<p>These Terms of Use and any policies or operating rules posted by us on the Site or in respect to the Site constitute the entire agreement and understanding between you and us. Our failure to exercise or enforce any right or provision of these Terms of Use shall not operate as a waiver of such right or provision. These Terms of Use operate to the fullest extent permissible by law. We may assign any or all of our rights and obligations to others at any time. We shall not be responsible or liable for any loss, damage, delay, or failure to act caused by any cause beyond our reasonable control. If any provision or part of a provision of these Terms of Use is determined to be unlawful, void, or unenforceable, that provision or part of the provision is deemed severable from these Terms of Use and does not affect the validity and enforceability of any remaining provisions. There is no joint venture, partnership, employment or agency relationship created between you and us as a result of these Terms of Use or use of the Site. You agree that these Terms of Use will not be construed against us by virtue of having drafted them. You hereby waive any and all defenses you may have based on the electronic form of these Terms of Use and the lack of signing by the parties hereto to execute these Terms of Use.</p>\n\n<p>Contact Us</p>\n\n<p>In order to resolve a complaint regarding the Site or to receive further information regarding use of the Site, please contact us at:</p>\n\n<p>support@split-side.com</p>"}}, {"model": "djangocms_text_ckeditor.text", "pk": 11, "fields": {"body": "<p>Updated: July 22, 2022</p>\n\n<p>Thank you for choosing to be part of our community at Split-Side, which is a subsidiary of Podium Interactive, LLC. (“Company”, “we”, “us”, or “our”). We are committed to protecting your personal information and your right to privacy. If you have any questions or concerns about this privacy notice, or our practices with regards to your personal information, please contact us at support@split-side.com.</p>\n\n<p>When you use any of our services (the “Services“, which includes the website split-side.com, or “Site”), we appreciate that you are trusting us with your personal information. We take your privacy very seriously. In this privacy notice, we seek to explain to you in the clearest way possible what information we collect, how we use it and what rights you have in relation to it. We hope you take some time to read through it carefully, as it is important. If there are any terms in this privacy notice that you do not agree with, please discontinue use of our Services immediately.</p>\n\n<p>This privacy notice applies to all information collected through our Services as described in this notice, as well as any related services, sales, marketing or events.Please read this privacy notice carefully as it will help you understand what we do with the information that we collect.</p>\n\n<p>The intended purpose of this Site is to provide features and functionality for individuals and companies located in the United States of America.</p>\n\n<p>What information do we collect?</p>\n\n<p>Personal Information You Disclose</p>\n\n<p>In Short: We collect information that you provide to us.</p>\n\n<p>We collect personal information that you voluntarily provide to us when you register on the Site or express an interest in obtaining information about us or our products and Services, when you participate in activities on the Site (such as by posting messages in our online forums or entering competitions, contests or giveaways) or otherwise when you contact us.</p>\n\n<p>The personal information that we collect depends on the context of your interactions with us and the choices you make and the products and features you use. The personal information we collect may include the following:</p>\n\n<p>Social Media Login Data</p>\n\n<p>We may provide you with the option to register with us using your existing social media account details, like your Facebook, Twitter or other social media account login credentials. If you choose to register in this way, we will collect the information described in the section called “HOW DO WE HANDLE YOUR SOCIAL LOGINS“ below. All personal information that you provide to us must be true, complete and accurate, and you must notify us of any changes to such personal information. Information Automatically Collected</p>\n\n<p>In Short: Some information — such as your Internet Protocol (IP) address and/or browser and device characteristics — is collected automatically when you visit our Site.</p>\n\n<p>We automatically collect certain information when you visit, use or navigate the Site . This information does not reveal your specific identity (like your name or contact information), but may include device and usage information, such as your IP address, browser and device characteristics, operating system, language preferences, referring URLs, device name, country, location, information about who and when you use our Site and other technical information. This information is primarily needed to maintain the security and operation of our Site, and for our internal analytics and reporting purposes. Like many businesses, we also collect information through cookies and similar technologies.</p>\n\n<p>Will your information be shared with anyone?</p>\n\n<p>In Short: We only share information with your consent, to comply with laws, to provide you with services, to protect your rights, or to fulfill business obligations pertaining to the services we provide.</p>\n\n<p>We may process or share your data that we hold based on the following legal basis:</p>\n\n<p>Consent: We may process your data if you have given us specific consent to use your personal information in a specific purpose.</p>\n\n<p>Legitimate Interests: We may process your data when it is reasonably necessary to achieve our legitimate business interests.</p>\n\n<p>Performance of a Contract: Where we have entered into a contract with you, we may process your personal information to fulfill the terms of our contract.</p>\n\n<p>Legal Obligations: We may disclose your information where we are legally required to do so in order to comply with applicable laws, governmental requests, a judicial proceeding, court order, or legal process, such as in response to a court order or a subpoena (including in response to public authorities to meet national security or law enforcement requirements).</p>\n\n<p>Vital Interests: We may disclose your information where we believe it is necessary to investigate, prevent, or take action regarding potential violations of our policies, suspected fraud, situations involving potential threats to the safety of any person and illegal activities, or as evidence in litigation in which we are involved.</p>\n\n<p>More specifically, we may need to process your data or share your personal information in the following situations: Business Transfers</p>\n\n<p>We may share or transfer your information in connection with, or during negotiations of, any merger, sale of company assets, financing, or acquisition of all or a portion of our business to another company.</p>\n\n<p>Affiliates</p>\n\n<p>We may share your information with our affiliates, in which case we will require those affiliates to honor this privacy notice. Affiliates include our parent company and any subsidiaries, joint-venture partners or other companies that we control or that are under common control with us.Business PartnersWe may share your information with our business partners to offer you certain products, services or promotions.Other UsersWhen you share personal information or otherwise interact with public areas of the service, such personal information may be viewed by all users and may be publicly made available outside the service in perpetuity. If you interact with other users of our service and register for our service through a social network (such as Facebook), your contacts on the social network will see your name, profile photo, and descriptions of your activity. Similarly, other users will be able to view descriptions of your activity, communicate with you within our service, and view your profile.Do we use cookies and other tracking technologies?In Short: We may use cookies and other tracking technologies to collect and store your information.We may use cookies and similar tracking technologies (like web beacons and pixels) to access or store information. Specific information about how we use such technologies and how you can refuse certain cookies is set out in our Cookie Notice.How do we handle your social logins?In Short: If you choose to register or log in to our services using a social media account, we may have access to certain information about you.Our service may offer you the ability to register and login using your third-party social media account details (like your Facebook or Twitter logins). Where you choose to do this, we will receive certain profile information about you from your social media provider. The profile information we receive may vary depending on the social media provider concerned, but will often include your name, email address, friends list, profile picture as well as other information you choose to make public on such social media platforms.We will use the information we receive only for the purposes that are described in this privacy notice or that are otherwise made clear to you on the relevant Site page. Please note that we do not control, and are not responsible for, other uses of your personal information by your third-party social media provider. We recommend that you review their privacy notice to understand how they collect, use and share your personal information, and how you can set your privacy preferences on their sites and apps.Is your information transferred internationally?In Short: We may transfer, store, and process your information in countries other than your own.Currently, our servers are located in the United States. If you are accessing our Site from outside, please be aware that your information may be transferred to, stored, and processed by us in our facilities and by those third parties with whom we may share your personal information with in other countries (see “WILL YOUR INFORMATION BE SHARED WITH ANYONE?“ above).If you are a resident in the European Economic Area, then these countries may not necessarily have data protection laws or other similar laws as comprehensive as those in your country. We will however take all necessary measures to protect your personal information in accordance with this privacy notice and applicable laws.How long do we keep your information?In Short: We keep your information for as long as necessary to fulfill the purposes outlined in this privacy notice unless otherwise required by law.We will only keep your personal information for as long as it is necessary for the purposes set out in this privacy notice, unless a longer retention period is required or permitted by law (such as tax, accounting or other legal requirements). When we have no ongoing legitimate business need to process your personal information, we will either delete or anonymize such information, or, if this is not possible (for example, because your personal information has been stored in backup archives), then we will securely store your personal information and isolate it from any further processing until deletion is possible.Do we collect information from minors?In Short: We do not knowingly collect data from, solicit data from, or market to children under 18 (eighteen) years of age. By using the Site, you represent that you are at least 18 (eighteen) or that you are the parent or guardian of such a minor and consent to such minor’s use of the service and Site. If we learn that personal information from users less than 18 (eighteen) years of age has been collected, we will deactivate the account and take reasonable measures to promptly delete such data from our records. If you become aware of any data we may have collected from children under the age of 18 (eighteen), please contact us at support[at]split-side.com.What are your privacy rights?In Short: You may review, change, or terminate your account at any time.If you are resident in the European Economic Area and you believe we are unlawfully processing your personal information, you also have the right to complain to your local data protection supervisory authority. You can find their contact details here: https://ec.europa.eu/info/law/law-topic/data-protection_en.If you are resident in Switzerland, the contact details for the data protection authorities are available here: https://www.edoeb.admin.ch/edoeb/en/home.html.Account InformationIf you would at any time like to review or change the information in your account or terminate your account, please contact: support[at]split-side.com.Upon your request to terminate your account, we will deactivate or delete your account and information from our active databases. However, we may retain some information in our files to prevent fraud, troubleshoot problems, assist with any investigations, enforce our Terms of Use and/or comply with applicable legal requirements.Opting out of email marketing: Should we decide to implement email-based marketing services that require a user’s willing subscription and providing of personal information such as name, phone number, and email address in order to receive information pertinent to Company Services or marketing communications, said user’s can unsubscribe from marketing email lists at any time by clicking on the unsubscribe link in the emails that we send or by contacting us using the details provided below. You will then be removed from the marketing email list – however, we may still communicate with you, for example, to send you service-related emails that are necessary for the administration and use of your account, to respond to service requests, or for other non-marketing purposes. To otherwise opt-out, you may contact: support[at]split-side.com.Controls for Do-Not-Track FeaturesMost web browsers and some mobile operating systems and mobile applications include a Do-Not-Track (“DNT”) feature or setting that you can activate to signal your privacy preference not to have data about your online browsing activities monitored and collected. At this stage, no uniform technology standard for recognizing and implementing DNT signals has been finalized. As such, we do not currently respond to DNT browser signals or any other mechanism that automatically communicates your choice not to be tracked online unless otherwise explicitly stated in our privacy notice. If a standard for online tracking is adopted that we must follow in the future, we will inform you about that practice in a revised version of this privacy notice.Do California residents have specific privacy rights?In Short: Yes, if you are a resident of California, you are granted specific rights regarding access to your personal information.California Civil Code Section 1798.83, also known as the “Shine The Light” law, permits our users who are California residents to request and obtain from us, once a year and free of charge, information about categories of personal information (if any) we disclosed to third parties for direct marketing purposes and the names and addresses of all third parties with which we shared personal information in the immediately preceding calendar year. If you are a California resident and would like to make such a request, please submit your request in writing to us using the contact information provided below.If you are under 18 (eighteen) years of age, reside in California, and have a registered account with Split-Side, you have the right to request removal of unwanted data that you publicly post on the Site. To request removal of such data, please contact us using the contact information provided below, and include the email address associated with your account and a statement that you reside in California. We will make sure the data is not publicly displayed on the Site, but please be aware that the data may not be completely or comprehensively removed from all our systems (e.g. backups, etc.).Do we make updates to this notice?In Short: Yes, we will update this notice as necessary to stay compliant with relevant laws. We may update this privacy notice from time to time. The updated version will be indicated by an updated “Revised” date and the updated version will be effective as soon as it is accessible. If we make material changes to this privacy notice, we may notify you either by prominently posting a notice of such changes or by directly sending you a notification. We encourage you to review this privacy notice frequently to be informed of how we are protecting your information.Contact UsIn order to resolve a complaint regarding the Site or to receive further information regarding use of the Site, please contact us at: support[at]split-side.com.How can you review, update or delete the data we collect from you?Based on the applicable laws of your country, you may have the right to request access to the personal information we collect from you, change that information, or delete it in some circumstances. To request to review, update, or delete your personal information, please submit a request by contacting: support[at]split-side.com.</p>"}}, {"model": "djangocms_text_ckeditor.text", "pk": 12, "fields": {"body": "<p>Updated: July 22, 2022</p>\n\n<p>Thank you for choosing to be part of our community at Split-Side, which is a subsidiary of Podium Interactive, LLC. (“Company”, “we”, “us”, or “our”). We are committed to protecting your personal information and your right to privacy. If you have any questions or concerns about this privacy notice, or our practices with regards to your personal information, please contact us at support@split-side.com.</p>\n\n<p>When you use any of our services (the “Services“, which includes the website split-side.com, or “Site”), we appreciate that you are trusting us with your personal information. We take your privacy very seriously. In this privacy notice, we seek to explain to you in the clearest way possible what information we collect, how we use it and what rights you have in relation to it. We hope you take some time to read through it carefully, as it is important. If there are any terms in this privacy notice that you do not agree with, please discontinue use of our Services immediately.</p>\n\n<p>This privacy notice applies to all information collected through our Services as described in this notice, as well as any related services, sales, marketing or events.Please read this privacy notice carefully as it will help you understand what we do with the information that we collect.</p>\n\n<p>The intended purpose of this Site is to provide features and functionality for individuals and companies located in the United States of America.</p>\n\n<p>What information do we collect?</p>\n\n<p>Personal Information You Disclose</p>\n\n<p>In Short: We collect information that you provide to us.</p>\n\n<p>We collect personal information that you voluntarily provide to us when you register on the Site or express an interest in obtaining information about us or our products and Services, when you participate in activities on the Site (such as by posting messages in our online forums or entering competitions, contests or giveaways) or otherwise when you contact us.</p>\n\n<p>The personal information that we collect depends on the context of your interactions with us and the choices you make and the products and features you use. The personal information we collect may include the following:</p>\n\n<p>Social Media Login Data</p>\n\n<p>We may provide you with the option to register with us using your existing social media account details, like your Facebook, Twitter or other social media account login credentials. If you choose to register in this way, we will collect the information described in the section called “HOW DO WE HANDLE YOUR SOCIAL LOGINS“ below. All personal information that you provide to us must be true, complete and accurate, and you must notify us of any changes to such personal information. Information Automatically Collected</p>\n\n<p>In Short: Some information — such as your Internet Protocol (IP) address and/or browser and device characteristics — is collected automatically when you visit our Site.</p>\n\n<p>We automatically collect certain information when you visit, use or navigate the Site . This information does not reveal your specific identity (like your name or contact information), but may include device and usage information, such as your IP address, browser and device characteristics, operating system, language preferences, referring URLs, device name, country, location, information about who and when you use our Site and other technical information. This information is primarily needed to maintain the security and operation of our Site, and for our internal analytics and reporting purposes. Like many businesses, we also collect information through cookies and similar technologies.</p>\n\n<p>Will your information be shared with anyone?</p>\n\n<p>In Short: We only share information with your consent, to comply with laws, to provide you with services, to protect your rights, or to fulfill business obligations pertaining to the services we provide.</p>\n\n<p>We may process or share your data that we hold based on the following legal basis:</p>\n\n<p>Consent: We may process your data if you have given us specific consent to use your personal information in a specific purpose.</p>\n\n<p>Legitimate Interests: We may process your data when it is reasonably necessary to achieve our legitimate business interests.</p>\n\n<p>Performance of a Contract: Where we have entered into a contract with you, we may process your personal information to fulfill the terms of our contract.</p>\n\n<p>Legal Obligations: We may disclose your information where we are legally required to do so in order to comply with applicable laws, governmental requests, a judicial proceeding, court order, or legal process, such as in response to a court order or a subpoena (including in response to public authorities to meet national security or law enforcement requirements).</p>\n\n<p>Vital Interests: We may disclose your information where we believe it is necessary to investigate, prevent, or take action regarding potential violations of our policies, suspected fraud, situations involving potential threats to the safety of any person and illegal activities, or as evidence in litigation in which we are involved.</p>\n\n<p>More specifically, we may need to process your data or share your personal information in the following situations: Business Transfers</p>\n\n<p>We may share or transfer your information in connection with, or during negotiations of, any merger, sale of company assets, financing, or acquisition of all or a portion of our business to another company.</p>\n\n<p>Affiliates</p>\n\n<p>We may share your information with our affiliates, in which case we will require those affiliates to honor this privacy notice. Affiliates include our parent company and any subsidiaries, joint-venture partners or other companies that we control or that are under common control with us.Business PartnersWe may share your information with our business partners to offer you certain products, services or promotions.Other UsersWhen you share personal information or otherwise interact with public areas of the service, such personal information may be viewed by all users and may be publicly made available outside the service in perpetuity. If you interact with other users of our service and register for our service through a social network (such as Facebook), your contacts on the social network will see your name, profile photo, and descriptions of your activity. Similarly, other users will be able to view descriptions of your activity, communicate with you within our service, and view your profile.Do we use cookies and other tracking technologies?In Short: We may use cookies and other tracking technologies to collect and store your information.We may use cookies and similar tracking technologies (like web beacons and pixels) to access or store information. Specific information about how we use such technologies and how you can refuse certain cookies is set out in our Cookie Notice.How do we handle your social logins?In Short: If you choose to register or log in to our services using a social media account, we may have access to certain information about you.Our service may offer you the ability to register and login using your third-party social media account details (like your Facebook or Twitter logins). Where you choose to do this, we will receive certain profile information about you from your social media provider. The profile information we receive may vary depending on the social media provider concerned, but will often include your name, email address, friends list, profile picture as well as other information you choose to make public on such social media platforms.We will use the information we receive only for the purposes that are described in this privacy notice or that are otherwise made clear to you on the relevant Site page. Please note that we do not control, and are not responsible for, other uses of your personal information by your third-party social media provider. We recommend that you review their privacy notice to understand how they collect, use and share your personal information, and how you can set your privacy preferences on their sites and apps.Is your information transferred internationally?In Short: We may transfer, store, and process your information in countries other than your own.Currently, our servers are located in the United States. If you are accessing our Site from outside, please be aware that your information may be transferred to, stored, and processed by us in our facilities and by those third parties with whom we may share your personal information with in other countries (see “WILL YOUR INFORMATION BE SHARED WITH ANYONE?“ above).If you are a resident in the European Economic Area, then these countries may not necessarily have data protection laws or other similar laws as comprehensive as those in your country. We will however take all necessary measures to protect your personal information in accordance with this privacy notice and applicable laws.How long do we keep your information?In Short: We keep your information for as long as necessary to fulfill the purposes outlined in this privacy notice unless otherwise required by law.We will only keep your personal information for as long as it is necessary for the purposes set out in this privacy notice, unless a longer retention period is required or permitted by law (such as tax, accounting or other legal requirements). When we have no ongoing legitimate business need to process your personal information, we will either delete or anonymize such information, or, if this is not possible (for example, because your personal information has been stored in backup archives), then we will securely store your personal information and isolate it from any further processing until deletion is possible.Do we collect information from minors?In Short: We do not knowingly collect data from, solicit data from, or market to children under 18 (eighteen) years of age. By using the Site, you represent that you are at least 18 (eighteen) or that you are the parent or guardian of such a minor and consent to such minor’s use of the service and Site. If we learn that personal information from users less than 18 (eighteen) years of age has been collected, we will deactivate the account and take reasonable measures to promptly delete such data from our records. If you become aware of any data we may have collected from children under the age of 18 (eighteen), please contact us at support[at]split-side.com.What are your privacy rights?In Short: You may review, change, or terminate your account at any time.If you are resident in the European Economic Area and you believe we are unlawfully processing your personal information, you also have the right to complain to your local data protection supervisory authority. You can find their contact details here: https://ec.europa.eu/info/law/law-topic/data-protection_en.If you are resident in Switzerland, the contact details for the data protection authorities are available here: https://www.edoeb.admin.ch/edoeb/en/home.html.Account InformationIf you would at any time like to review or change the information in your account or terminate your account, please contact: support[at]split-side.com.Upon your request to terminate your account, we will deactivate or delete your account and information from our active databases. However, we may retain some information in our files to prevent fraud, troubleshoot problems, assist with any investigations, enforce our Terms of Use and/or comply with applicable legal requirements.Opting out of email marketing: Should we decide to implement email-based marketing services that require a user’s willing subscription and providing of personal information such as name, phone number, and email address in order to receive information pertinent to Company Services or marketing communications, said user’s can unsubscribe from marketing email lists at any time by clicking on the unsubscribe link in the emails that we send or by contacting us using the details provided below. You will then be removed from the marketing email list – however, we may still communicate with you, for example, to send you service-related emails that are necessary for the administration and use of your account, to respond to service requests, or for other non-marketing purposes. To otherwise opt-out, you may contact: support[at]split-side.com.Controls for Do-Not-Track FeaturesMost web browsers and some mobile operating systems and mobile applications include a Do-Not-Track (“DNT”) feature or setting that you can activate to signal your privacy preference not to have data about your online browsing activities monitored and collected. At this stage, no uniform technology standard for recognizing and implementing DNT signals has been finalized. As such, we do not currently respond to DNT browser signals or any other mechanism that automatically communicates your choice not to be tracked online unless otherwise explicitly stated in our privacy notice. If a standard for online tracking is adopted that we must follow in the future, we will inform you about that practice in a revised version of this privacy notice.Do California residents have specific privacy rights?In Short: Yes, if you are a resident of California, you are granted specific rights regarding access to your personal information.California Civil Code Section 1798.83, also known as the “Shine The Light” law, permits our users who are California residents to request and obtain from us, once a year and free of charge, information about categories of personal information (if any) we disclosed to third parties for direct marketing purposes and the names and addresses of all third parties with which we shared personal information in the immediately preceding calendar year. If you are a California resident and would like to make such a request, please submit your request in writing to us using the contact information provided below.If you are under 18 (eighteen) years of age, reside in California, and have a registered account with Split-Side, you have the right to request removal of unwanted data that you publicly post on the Site. To request removal of such data, please contact us using the contact information provided below, and include the email address associated with your account and a statement that you reside in California. We will make sure the data is not publicly displayed on the Site, but please be aware that the data may not be completely or comprehensively removed from all our systems (e.g. backups, etc.).Do we make updates to this notice?In Short: Yes, we will update this notice as necessary to stay compliant with relevant laws. We may update this privacy notice from time to time. The updated version will be indicated by an updated “Revised” date and the updated version will be effective as soon as it is accessible. If we make material changes to this privacy notice, we may notify you either by prominently posting a notice of such changes or by directly sending you a notification. We encourage you to review this privacy notice frequently to be informed of how we are protecting your information.Contact UsIn order to resolve a complaint regarding the Site or to receive further information regarding use of the Site, please contact us at: support[at]split-side.com.How can you review, update or delete the data we collect from you?Based on the applicable laws of your country, you may have the right to request access to the personal information we collect from you, change that information, or delete it in some circumstances. To request to review, update, or delete your personal information, please submit a request by contacting: support[at]split-side.com.</p>"}}, {"model": "djangocms_text_ckeditor.text", "pk": 13, "fields": {"body": "<p><a href=\"support@split-side.com\">support@split-side.com</a></p>"}}]